alpha,volume,dominated
11.408360847380386,0.013706426777436078,False
7.159291003820937,0.0025704020570692385,False
9.074482350171712,0.004061424316105328,False
9.074450818420448,0.004061424316105328,False
9.130102257392153,0.004568498574201129,False
8.104905834718112,0.0028452699295613733,False
9.547141620262696,0.005100568553715421,False
9.074454176496317,0.004061424316105328,False
9.074447832025998,0.004061424316105328,False
9.074456084134098,0.004061424316105328,False
9.074450503563893,0.004061424316105328,False
7.1592851673755575,0.0025704020570692385,False
9.547154560500363,0.005100568553715421,False
9.547207073840454,0.005100568553715421,False
4.388533059102749,0.038371831290392615,True
2.202413939505037,0.16678934377490615,True
4.4812887733522695,0.18948196113222995,True
4.058333761716897,0.01887290544619187,True
7.202141154901571,0.003928287965118361,True
6.381738232174793,0.002391021748990659,False
7.159287649802513,0.0025704020570692385,False
6.929246997549216,0.00853643314890245,True
5.357851614004336,0.0447937714827864,True
5.387481141246398,0.006024247781906055,True
5.9188998313981145,0.0203299285994041,True
5.3426313338746985,0.034201565060107915,True
6.252340193543394,0.026041482034376513,True
9.547185602581353,0.005100568553715421,False
9.399650992229816,0.052528209442397535,True
6.2328446068230825,0.03441743933337896,True
4.660129218862675,0.011970603482464842,True
10.300404733665584,0.013258725268581791,False
9.547182558215109,0.005100568553715421,False
9.547164166066244,0.005100568553715421,False
4.4752385727243436,0.010683377067886309,True
3.687085283170154,0.02431689058792374,True
3.9508544646771546,0.26343786269347735,True
4.570445874014793,0.012011534150855603,True
4.8490409006957425,0.008083675726541251,True
7.944356413888939,0.0059820673780156385,True
5.667745384175222,0.0492243871840589,True
8.083898866170884,0.006345750437940836,True
5.005383213921039,0.01003546174754672,True
5.1621160183156505,0.007859668184042132,True
5.1683146004934395,0.1011047572608462,True
5.5202785014308855,0.04598680876315563,True
4.7630188060878895,0.008445044397603407,True
4.390349692729202,0.01213273684938498,True
4.5277397321439325,0.006399247625310933,True
5.779613890791919,0.005183327715224273,True
4.1542927403856895,0.017260212562774997,True
4.7497205109127165,0.008541769876810242,True
4.735218970815263,0.004011925633322311,True
5.270730547675587,0.005766779953365919,True
