alpha,volume,dominated
13.385343215519546,0.012891174691384346,False
4.948287027307125,0.0023277186127016246,False
13.376628379817701,0.01288775461365497,False
8.726757896363104,0.004685168475281258,False
7.183940560686176,0.0038025695586427675,False
10.967275776406328,0.010994102378260075,False
8.82764173319334,0.00891257805289083,True
8.726675296627098,0.004685168475281258,False
8.726740289071243,0.004685168475281258,False
7.732863577622871,0.0041030606164360744,False
8.64161379238734,0.004539087438728561,False
5.816314255398705,0.0027096631501369985,False
7.732848121758561,0.0041030606164360744,False
8.726760791583954,0.004685168475281258,False
8.726712914868994,0.004685168475281258,False
13.376628379817701,0.01288775461365497,False
8.371928919558382,0.030231076509654838,True
4.037324715982807,0.02390277318966293,True
2.0206500090774338,0.540528311326007,True
8.894471432448364,0.0061080853374314,False
3.6149723354101795,0.24097614962319835,True
5.008130151276003,0.007671806439240785,True
6.389758657228532,0.005940764775791135,True
8.726734932431391,0.004685168475281258,False
6.401863052143515,0.02135096340228986,True
1.9087676036556342,0.7115253641343638,True
3.0426318927994305,0.33242604512868545,True
2.5790154884008123,0.09470577494820302,True
4.678905188869339,0.022785223900304623,True
4.981944594822097,0.0059521299201722305,True
5.4211826157183856,0.022426705892049252,True
6.20421327912604,0.006230890689013652,True
3.4482375176018407,0.03934434797653856,True
4.199512025668449,0.011585271581857095,True
5.3586139313890895,0.02577653780167248,True
4.943260505195804,0.00502454058224004,True
5.1942574683384874,0.010532823761275572,True
7.900672467357846,0.00445928487866694,False
1.294463148743363,1.6388537422632068,True
4.227973837078767,0.13932932404137965,True
5.690819822814339,0.02816872547381501,True
5.40127949063962,0.008497713577999558,True
3.5127265184461556,0.060096734376178615,True
6.453459802897502,0.12628922721052266,True
4.62348356683515,0.09159487611296321,True
5.072842409264323,0.013686027770917233,True
4.797919346250456,0.004374345061043691,True
4.113844816364379,0.02984187010257347,True
4.019018390300576,0.011999632014730767,True
