alpha,volume,dominated
11.83405057473793,0.021515022283260164,False
5.96904034889222,0.002723021802052847,False
11.834283876303527,0.021515022283260164,False
11.209943039060848,0.010700022692524992,False
9.580529888810036,0.00461004815626641,False
11.361762370972155,0.012568356267772864,False
11.20990531726905,0.010700022692524992,False
8.91374362594599,0.003038993751276086,False
11.361696113973364,0.012568356267772864,False
7.319677000235792,0.002985914298188412,False
9.580533131629377,0.00461004815626641,False
4.3892401450327645,0.01121221158347708,True
3.003876896713739,0.0902954172904494,True
5.853197021313394,0.0043469570397000196,True
4.66072634956434,0.020597981145617193,True
0.999999999995788,10.587715207724232,True
8.333038954410952,0.026290180526867473,True
5.9400100210317675,0.005723597471301333,True
6.18901596277475,0.010180615329637606,True
6.69965495146218,0.003597365337841386,True
3.7402222596837693,0.01570304008030021,True
7.734941878071587,0.00567230546852038,True
3.1795202472511375,0.058760455837683266,True
6.805037288452722,0.006669203905302944,True
5.168066575685374,0.007140082073956477,True
4.667700306655313,0.009291006731093211,True
6.428795671989468,0.006015262363281437,True
7.319681703936537,0.002985914298188412,False
5.073959204926301,0.0453919435146299,True
3.205675808010772,0.2712092972629375,True
3.3791211438423354,0.6650363097902205,True
5.390043920361932,0.005574492910716271,True
5.781598722020097,0.008846592849427376,True
5.6773837299835765,0.04969876178260978,True
4.388571511877596,0.00972700568378055,True
6.02648176370637,0.0072658298045577925,True
7.773416850500142,0.015282660480211877,True
3.1092192046940776,0.09486402975364468,True
6.430709443395525,0.018266566045342453,True
5.657200885307806,0.0051987280513706,True
7.251249075744815,0.005611930840340851,True
5.515411392130476,0.006133378405351291,True
4.875965845873785,0.006608653902728518,True
3.502123944850679,0.04922943907982461,True
5.812347052834435,0.1274300614856588,True
4.151263176781662,0.02094078572843107,True
11.361776447931138,0.012568356267772864,False
