alpha,volume,dominated
11.834203322410232,0.021515022283260164,False
5.969023701344284,0.002723021802052847,False
11.833914614688375,0.021515022283260164,False
11.210459489431672,0.010700022692524992,False
9.580521577798367,0.00461004815626641,False
11.361572050835669,0.012568356267772864,False
11.210250019388162,0.010700022692524992,False
8.913759254929223,0.003038993751276086,False
11.361878363669309,0.012568356267772864,False
4.719340524498432,0.02186755043822197,True
7.319692379372273,0.002985914298188412,False
4.497350378335927,0.009112865916945469,True
5.699351211310181,0.02256936493380436,True
8.781400508051881,0.017325465423074757,True
4.457993174052574,0.007935688217787793,True
4.850082017826955,0.07662861321713686,True
7.774999102858302,0.03946003934400249,True
5.237685613347324,0.01557926026929387,True
3.929820580568331,0.03915586772626265,True
4.24489048588533,0.025164330365184246,True
3.0039165738231604,0.0902954172904494,True
4.882161280893144,0.007376772630938587,True
5.712673588789273,0.023010682855844507,True
4.842109823768944,0.02626803965318646,True
4.6308856773874405,0.29186099544354926,True
4.922051847554223,0.06271838013308324,True
5.633292829658006,0.004173307229594724,True
3.886645277828113,0.07839484402190765,True
4.593853005345376,0.091839344157416,True
3.4007649826191777,0.03784993101229858,True
2.7762015554836763,0.10596265776047782,True
5.262962979092124,0.024094958176315188,True
5.254592994661817,0.02865135181894349,True
3.7509069730596805,0.05570905854191174,True
3.892560266133745,0.08162416916036562,True
5.060047361629531,0.08464828468420732,True
6.543407387074135,0.009938230908085686,True
5.318517195970578,0.005037200127865049,True
9.22853617466911,0.029854310698693574,True
4.307966561267981,0.037144382559185826,True
2.652689000487742,1.1541411233451655,True
5.850275785245626,0.0934069321789342,True
4.794614982660923,0.008788483518995235,True
3.7880812436559603,0.020356838721086602,True
4.762742745584606,0.017004904844016937,True
3.2306636106919253,0.3822137096981741,True
4.765938332088638,0.00532592901718117,True
4.353845150662758,0.011021895135728847,True
5.9783042610461825,0.006891579466327094,True
7.8570604307419165,0.0043136948348718425,True
