alpha,volume,dominated
11.834123182725113,0.021515022283260164,False
5.969032121459338,0.002723021802052847,False
11.833911130063353,0.021515022283260164,False
6.423087359791323,0.003305353516311595,True
11.21091398197207,0.010700022692524992,False
9.580492171278053,0.00461004815626641,False
7.246755998093668,0.0034878146270091686,False
11.361645590017227,0.012568356267772864,False
6.773505742893746,0.003365199692394749,True
8.817382121091748,0.0038846519550154706,False
5.649681837216879,0.09451274866594428,True
4.454290149140244,0.030605236509719334,True
4.802307157425532,0.0041055787445168895,True
7.153348630434499,0.03476287705494748,True
4.876640757989501,0.005747564367109082,True
7.613897566053822,0.01981201558442216,True
3.7591746731896873,0.059093475621465864,True
4.808805192802816,0.005704820320606308,True
2.2862954771610045,0.11999129606175964,True
5.137129111700756,0.021241539107795575,True
11.21082168725745,0.010700022692524992,False
4.531686664540745,0.3093805013042755,True
4.326960132312456,0.011011865515836848,True
5.6125242295521565,0.031578375856434554,True
4.9995739633455125,0.18652118689842306,True
5.131384817239495,0.013113682609307772,True
6.148671371753954,0.006844923125735521,True
5.433325352229831,0.004571288528219733,True
3.432109599387707,0.09334177591977852,True
2.4560964289803793,0.22614616061519957,True
3.0309664747643326,0.22988874609649024,True
4.103169509778364,0.06469095688304818,True
6.233573652092656,0.0542174569753425,True
4.697200359807582,0.05249682602817527,True
2.2100322042684803,1.0121468663716506,True
5.013470242521315,0.008387188132761316,True
5.271321431071007,0.007633241820029271,True
3.4056085709461614,0.2843273928211052,True
7.0021098354464915,0.003210909686465986,False
3.7373045795222826,0.129477649592334,True
3.3103171873604182,0.06915377184975362,True
4.804631662521884,0.008788483518995235,True
10.457150992741195,0.02402549433899413,True
