alpha,volume,dominated
11.83439193603944,0.021515022283260164,False
5.9690521413406685,0.002723021802052847,False
11.833914024282409,0.021515022283260164,False
11.211184926025204,0.010700022692524992,False
9.58051311464416,0.00461004815626641,False
11.361774131523914,0.012568356267772864,False
11.211894539121857,0.010700022692524992,False
8.9137573529456,0.003038993751276086,False
11.361787813788448,0.012568356267772864,False
7.319669444303317,0.002985914298188412,False
9.580508668386956,0.00461004815626641,False
4.961959899565102,0.004811272533963939,True
4.26006476899675,0.011624931728811815,True
7.052834787333785,0.009845999532272635,True
4.120752085394132,0.01939402526926188,True
3.6672426421863937,0.0193148622068243,True
4.466473645185992,0.01940725599863607,True
3.1631117538555524,0.09993813968666711,True
4.120637035225653,0.012771910498683162,True
7.2557837337529465,0.04631528022541287,True
4.223494838572542,0.012503102840425998,True
4.757334220629509,0.042159471776292014,True
5.50553723258693,0.006651469867632018,True
5.506000545703616,0.046323095321879226,True
3.8004083597737455,0.019859041342317734,True
4.455398522403184,0.013299610753352408,True
5.323897400423557,0.010608302080647138,True
7.470577418095625,0.07250457242076505,True
10.387528488304518,0.012558316541598152,True
5.5849136423417844,0.0038398146547153557,True
6.612557557940361,0.003207214890055922,True
4.766114390212261,0.00532592901718117,True
5.478965357409101,0.04144861331079671,True
6.48142599942058,0.013997909259737214,True
3.066883646986762,0.2370812418014799,True
3.769200903896813,0.019137768982017668,True
6.4254824862889,0.049751480461210855,True
8.005218954686585,0.0038551633099595446,True
6.760274356527099,0.08904384988869227,True
2.822906538815711,0.12861951256882917,True
9.14927368358806,0.007018671611936406,True
4.147578950120055,0.01232006668174192,True
4.58522390710286,0.03369522879735385,True
2.8003926091721634,0.10214110087804297,True
3.524740667807454,0.23503443468874846,True
4.188967025396394,0.017349327404705402,True
5.029606463870173,0.013078940865126402,True
4.579349785486255,0.013826032721606403,True
1.6014296506656664,0.9634201690215273,True
2.7116184752014325,0.09520142652553779,True
5.1382681248533455,0.003966854087634347,True
4.981635250258154,0.026111342881615603,True
6.273329422468149,0.011655002938364961,True
8.003477776834666,0.0067516698573496575,True
